site_id	dataset	read_id	site_pos0	window_start0	window_end0	strand	mapq
S1	MOD	250F500490011_2_142_195_22209422_76996	29096227	29096222	29096232	-	1
S1	MOD	250F500490011_2_5140_186_33611303_161081	29096227	29096222	29096232	-	1
S1	MOD	250F500490011_32_4135_735_569919590_187089	29096227	29096222	29096232	-	1
S1	MOD	250F500490011_3_2156_211_53369092_386206	29096227	29096222	29096232	-	1
S1	MOD	250F500490011_3_4203_294_53038231_124079	29096227	29096222	29096232	+	3
S1	MOD	250F500490011_40_5123_2718_704661469_31159	29096227	29096222	29096232	-	1
S1	MOD	250F500490011_41_43_2006_714587982_149844	29096227	29096222	29096232	-	1
S1	MOD	250F500490011_42_112_2443_732440568_359897	29096227	29096222	29096232	-	1
S1	MOD	250F500490011_45_1066_3537_795101046_24675	29096227	29096222	29096232	+	1
S1	MOD	250F500490011_45_34_2733_791246587_808659	29096227	29096222	29096232	+	1
S1	MOD	250F500490011_4_211_360_68584328_93446	29096227	29096222	29096232	-	1
S1	MOD	250F500490011_53_137_2976_944995261_848196	29096227	29096222	29096232	+	1
S1	UNMOD	250F601844011_1_1176_342_11155662_24083	29096227	29096222	29096232	-	8
S1	UNMOD	250F601844011_1_1347_19_432067_121568	29096227	29096222	29096232	+	1
S1	UNMOD	250F601844011_1_1747_59_1831338_36293	29096227	29096222	29096232	+	1
S1	UNMOD	250F601844011_1_1912_148_5463341_84454	29096227	29096222	29096232	-	12
S1	UNMOD	250F601844011_1_2244_284_14531010_61901	29096227	29096222	29096232	+	1
S1	UNMOD	250F601844011_1_26_296_11156648_28171	29096227	29096222	29096232	-	5
S1	UNMOD	250F601844011_1_3134_32_967341_30630	29096227	29096222	29096232	-	1
S1	UNMOD	250F601844011_1_3611_143_5374466_15300	29096227	29096222	29096232	-	8
S1	UNMOD	250F601844011_1_3946_96_3331791_53111	29096227	29096222	29096232	-	1
S1	UNMOD	250F601844011_1_4025_27_1038616_35259	29096227	29096222	29096232	-	1
S1	UNMOD	250F601844011_1_578_490_16379171_51356	29096227	29096222	29096232	+	60
S1	UNMOD	250F601844011_2_1133_480_28384576_25992	29096227	29096222	29096232	-	1
S1	UNMOD	250F601844011_2_1157_762_26634548_35781	29096227	29096222	29096232	+	1
S1	UNMOD	250F601844011_2_1327_595_21182157_62149	29096227	29096222	29096232	+	1
S1	UNMOD	250F601844011_2_1438_869_31643543_39600	29096227	29096222	29096232	+	1
S1	UNMOD	250F601844011_2_1523_799_27428666_76707	29096227	29096222	29096232	+	1
S1	UNMOD	250F601844011_2_1885_706_27187319_37426	29096227	29096222	29096232	+	1
S1	UNMOD	250F601844011_2_2239_149_24739078_41739	29096227	29096222	29096232	-	1
S1	UNMOD	250F601844011_2_2239_403_35472765_82807	29096227	29096222	29096232	-	1
S1	UNMOD	250F601844011_2_2331_547_26177381_75860	29096227	29096222	29096232	-	1
S1	UNMOD	250F601844011_2_2386_154_25044155_76175	29096227	29096222	29096232	-	14
S1	UNMOD	250F601844011_2_3639_826_31289922_57953	29096227	29096222	29096232	-	4
S1	UNMOD	250F601844011_3_1291_758_37956529_52630	29096227	29096222	29096232	-	3
S1	UNMOD	250F601844011_3_2103_396_36199031_37144	29096227	29096222	29096232	-	1
S1	UNMOD	250F601844011_3_3011_895_36567257_33088	29096227	29096222	29096232	-	1
S1	UNMOD	250F601844011_3_3809_1206_42321927_38385	29096227	29096222	29096232	-	1
S1	UNMOD	250F601844011_3_3957_1165_47660842_44312	29096227	29096222	29096232	-	5
S1	UNMOD	250F601844011_3_547_1305_48687144_28105	29096227	29096222	29096232	+	1
S1	UNMOD	250F601844011_4_1767_1716_63423055_47166	29096227	29096222	29096232	-	1
S1	UNMOD	250F601844011_4_2059_1014_65544783_22512	29096227	29096222	29096232	-	1
S1	UNMOD	250F601844011_4_2137_1121_55734603_24350	29096227	29096222	29096232	-	1
S1	UNMOD	250F601844011_4_2604_1303_58657261_30707	29096227	29096222	29096232	-	1
S1	UNMOD	250F601844011_4_3246_1143_56809577_21325	29096227	29096222	29096232	+	1
S1	UNMOD	250F601844011_4_3832_1375_55713326_31435	29096227	29096222	29096232	+	1
S1	UNMOD	250F601844011_4_3871_1024_60029192_61305	29096227	29096222	29096232	+	2
S1	UNMOD	250F601844011_4_4097_880_56531574_51436	29096227	29096222	29096232	+	1
S2	MOD	250F500490011_1_1074_45_5283415_303362	40048033	40048028	40048038	+	6
S2	MOD	250F500490011_1_1277_106_12080434_269812	40048033	40048028	40048038	-	1
S2	MOD	250F500490011_1_2072_47_7086331_1094123	40048033	40048028	40048038	-	1
S2	MOD	250F500490011_2_3311_188_27686445_448393	40048033	40048028	40048038	+	5
S2	MOD	250F500490011_43_1201_3026_748382547_123444	40048033	40048028	40048038	-	16
S2	MOD	250F500490011_46_1191_3942_809132185_55063	40048033	40048028	40048038	-	1
S2	MOD	250F500490011_46_235_3404_805239555_325310	40048033	40048028	40048038	+	13
S2	MOD	250F500490011_4_5246_362_58363338_118674	40048033	40048028	40048038	+	8
S2	MOD	250F500490011_55_1058_2920_964181953_136757	40048033	40048028	40048038	+	1
S2	MOD	250F500490011_5_1123_428_87791381_71957	40048033	40048028	40048038	-	14
S2	MOD	250F500490011_5_46_457_74720627_144368	40048033	40048028	40048038	+	1
S2	UNMOD	250F601844011_1_1291_240_7018390_68762	40048033	40048028	40048038	+	29
S2	UNMOD	250F601844011_1_1676_387_12859956_29785	40048033	40048028	40048038	-	1
S2	UNMOD	250F601844011_1_3044_351_15967964_34005	40048033	40048028	40048038	+	25
S2	UNMOD	250F601844011_1_4011_227_7531469_74939	40048033	40048028	40048038	+	24
S2	UNMOD	250F601844011_2_2783_744_34891505_61153	40048033	40048028	40048038	-	27
S2	UNMOD	250F601844011_2_3352_541_21803162_110113	40048033	40048028	40048038	-	3
S2	UNMOD	250F601844011_2_3450_691_28303718_36181	40048033	40048028	40048038	+	1
S2	UNMOD	250F601844011_2_53_789_33476923_104066	40048033	40048028	40048038	+	1
S2	UNMOD	250F601844011_2_567_1012_35380040_63905	40048033	40048028	40048038	-	1
S2	UNMOD	250F601844011_3_1720_1385_51018409_66813	40048033	40048028	40048038	+	14
S2	UNMOD	250F601844011_3_3095_974_39214662_37374	40048033	40048028	40048038	-	3
S2	UNMOD	250F601844011_3_3932_1098_44228549_80110	40048033	40048028	40048038	+	3
S2	UNMOD	250F601844011_3_574_1240_46249972_105577	40048033	40048028	40048038	+	19
S2	UNMOD	250F601844011_3_896_1334_50792760_147678	40048033	40048028	40048038	-	1
S2	UNMOD	250F601844011_4_1349_977_65397138_37267	40048033	40048028	40048038	+	1
S2	UNMOD	250F601844011_4_1384_1526_69125196_36764	40048033	40048028	40048038	+	1
S2	UNMOD	250F601844011_4_1747_1539_58793327_68604	40048033	40048028	40048038	+	24
S2	UNMOD	250F601844011_4_2051_920_54420596_151767	40048033	40048028	40048038	-	17
S2	UNMOD	250F601844011_4_4208_1334_63792313_76839	40048033	40048028	40048038	+	23
S2	UNMOD	250F601844011_4_672_1150_63222420_95919	40048033	40048028	40048038	+	14
S2	UNMOD	250F601844011_4_777_1654_65105508_65557	40048033	40048028	40048038	+	1
S3	MOD	250F500490011_1_4161_70_11160559_28700	27359469	27359464	27359474	+	1
S3	MOD	250F500490011_2_1113_162_30781034_401892	27359469	27359464	27359474	+	8
S3	MOD	250F500490011_2_2056_197_35626786_150625	27359469	27359464	27359474	-	2
S3	MOD	250F500490011_3_1074_328_39327877_750109	27359469	27359464	27359474	+	6
S3	MOD	250F500490011_3_3310_278_39649554_815475	27359469	27359464	27359474	+	1
S3	MOD	250F500490011_40_224_2668_703596427_86847	27359469	27359464	27359474	-	6
S3	MOD	250F500490011_41_97_2973_715519470_196243	27359469	27359464	27359474	-	2
S3	MOD	250F500490011_45_1225_1856_800220008_426507	27359469	27359464	27359474	-	4
S3	MOD	250F500490011_48_1219_1232_849249228_137331	27359469	27359464	27359474	-	1
S3	MOD	250F500490011_4_5244_168_57583512_925327	27359469	27359464	27359474	+	6
S3	MOD	250F500490011_6_1107_656_102513586_664926	27359469	27359464	27359474	+	6
S3	UNMOD	250F601844011_1_1887_334_12341547_95642	27359469	27359464	27359474	+	4
S3	UNMOD	250F601844011_1_1919_93_3065019_102622	27359469	27359464	27359474	-	1
S3	UNMOD	250F601844011_1_193_166_6621620_64317	27359469	27359464	27359474	+	3
S3	UNMOD	250F601844011_1_1945_188_7350730_44849	27359469	27359464	27359474	-	0
S3	UNMOD	250F601844011_1_3486_334_11653218_69840	27359469	27359464	27359474	+	7
S3	UNMOD	250F601844011_2_2158_543_25954323_77466	27359469	27359464	27359474	-	1
S3	UNMOD	250F601844011_2_2451_791_35332192_43615	27359469	27359464	27359474	+	1
S3	UNMOD	250F601844011_2_3159_334_27714442_16832	27359469	27359464	27359474	-	1
S3	UNMOD	250F601844011_2_3411_704_26579930_31712	27359469	27359464	27359474	-	1
S3	UNMOD	250F601844011_2_727_676_21410543_90055	27359469	27359464	27359474	+	1
S3	UNMOD	250F601844011_3_2329_878_46236180_109118	27359469	27359464	27359474	+	15
S3	UNMOD	250F601844011_4_2147_1427_65591217_51894	27359469	27359464	27359474	+	10
S3	UNMOD	250F601844011_4_3565_1150_64895117_45182	27359469	27359464	27359474	-	1
S3	UNMOD	250F601844011_4_4042_1086_54544978_92319	27359469	27359464	27359474	-	2
S3	UNMOD	250F601844011_4_4500_1160_57995644_64579	27359469	27359464	27359474	-	3
S4	MOD	250F500490011_10_1133_636_171658133_1285951	53161025	53161020	53161030	+	1
S4	MOD	250F500490011_1_76_98_10176243_45793	53161025	53161020	53161030	-	1
S4	MOD	250F500490011_33_4281_1956_582068481_59070	53161025	53161020	53161030	-	1
S4	MOD	250F500490011_39_1266_3245_681590663_126131	53161025	53161020	53161030	-	1
S4	MOD	250F500490011_43_121_1774_751905265_55490	53161025	53161020	53161030	+	1
S4	MOD	250F500490011_4_1195_427_59924376_542452	53161025	53161020	53161030	-	1
S4	MOD	250F500490011_4_80_377_54585108_44816	53161025	53161020	53161030	-	9
S4	MOD	250F500490011_62_1174_3213_1094876433_1566986	53161025	53161020	53161030	+	60
S4	UNMOD	250F601844011_1_1069_264_9877875_43093	53161025	53161020	53161030	+	1
S4	UNMOD	250F601844011_1_1408_386_13641176_147153	53161025	53161020	53161030	-	8
S4	UNMOD	250F601844011_1_178_39_1243073_165531	53161025	53161020	53161030	-	1
S4	UNMOD	250F601844011_1_2179_138_6214328_96181	53161025	53161020	53161030	-	1
S4	UNMOD	250F601844011_1_3576_219_8671718_102108	53161025	53161020	53161030	+	1
S4	UNMOD	250F601844011_1_4092_365_13904490_90365	53161025	53161020	53161030	+	1
S4	UNMOD	250F601844011_1_856_518_17183115_187568	53161025	53161020	53161030	+	2
S4	UNMOD	250F601844011_2_1250_507_27836559_26780	53161025	53161020	53161030	+	1
S4	UNMOD	250F601844011_2_1664_488_22402810_101081	53161025	53161020	53161030	-	8
S4	UNMOD	250F601844011_2_2934_550_22737989_65653	53161025	53161020	53161030	+	4
S4	UNMOD	250F601844011_2_3104_744_29837399_81002	53161025	53161020	53161030	-	1
S4	UNMOD	250F601844011_2_3905_559_21385973_66425	53161025	53161020	53161030	+	1
S4	UNMOD	250F601844011_2_6_463_19682468_75229	53161025	53161020	53161030	-	1
S4	UNMOD	250F601844011_2_90_581_31382415_27658	53161025	53161020	53161030	-	3
S4	UNMOD	250F601844011_3_2243_888_43876227_49746	53161025	53161020	53161030	-	7
S4	UNMOD	250F601844011_3_2431_475_40701880_244977	53161025	53161020	53161030	+	3
S4	UNMOD	250F601844011_3_2777_1072_49709767_318982	53161025	53161020	53161030	-	1
S4	UNMOD	250F601844011_3_3681_830_43118927_98385	53161025	53161020	53161030	+	5
S4	UNMOD	250F601844011_3_3931_940_39119234_70558	53161025	53161020	53161030	+	1
S4	UNMOD	250F601844011_4_1299_695_60947021_85163	53161025	53161020	53161030	+	1
S4	UNMOD	250F601844011_4_2741_1518_68130604_82140	53161025	53161020	53161030	-	2
S4	UNMOD	250F601844011_4_3658_1046_55518526_82885	53161025	53161020	53161030	-	1
S4	UNMOD	250F601844011_4_802_1699_64437655_30714	53161025	53161020	53161030	-	1
S5	MOD	250F500490011_1_101_54_5913785_49966	17819473	17819468	17819478	+	60
S5	MOD	250F500490011_1_3163_99_12766081_42208	17819473	17819468	17819478	-	60
S5	MOD	250F500490011_2_3294_185_23809840_477691	17819473	17819468	17819478	+	60
S5	MOD	250F500490011_34_4204_848_590774511_585547	17819473	17819468	17819478	-	60
S5	MOD	250F500490011_36_3165_3196_639387471_1235312	17819473	17819468	17819478	+	60
S5	MOD	250F500490011_3_2178_246_52158615_1399482	17819473	17819468	17819478	+	60
S5	MOD	250F500490011_52_95_3674_911121634_699593	17819473	17819468	17819478	+	60
S5	MOD	250F500490011_65_1218_2915_1146234847_213079	17819473	17819468	17819478	-	60
S5	UNMOD	250F601844011_1_1100_497_16824933_72196	17819473	17819468	17819478	-	60
S5	UNMOD	250F601844011_1_3843_472_17943504_22933	17819473	17819468	17819478	+	60
S5	UNMOD	250F601844011_2_1625_770_30801040_214811	17819473	17819468	17819478	-	60
S5	UNMOD	250F601844011_2_2094_588_26269167_52678	17819473	17819468	17819478	-	60
S5	UNMOD	250F601844011_2_3287_561_21414284_66101	17819473	17819468	17819478	-	60
S5	UNMOD	250F601844011_2_3492_711_27834482_54609	17819473	17819468	17819478	-	60
S5	UNMOD	250F601844011_3_1898_1139_50562328_230152	17819473	17819468	17819478	+	60
S5	UNMOD	250F601844011_4_1953_1665_64200709_24319	17819473	17819468	17819478	-	60
S5	UNMOD	250F601844011_4_4041_1505_57831487_145802	17819473	17819468	17819478	-	60
S5	UNMOD	250F601844011_4_636_1293_54961528_33470	17819473	17819468	17819478	-	60
S5	UNMOD	250F601844011_4_833_1084_63557418_37669	17819473	17819468	17819478	-	60
